window_id,label,margin,score
indicsynth-bengali-009916,1,5.1034017,0.9939606
indicsynth-bengali-009917,1,4.0691814,0.9831958
indicsynth-bengali-009918,1,4.5632119,0.9896791
indicsynth-bengali-018726,1,8.0482969,0.9996805
indicsynth-bengali-018727,1,8.2358103,0.9997351
indicsynth-bengali-018730,1,11.8715086,0.9999930
indicsynth-bengali-046663,1,6.6344018,0.9986873
indicsynth-bengali-046664,1,5.5988021,0.9963114
indicsynth-bengali-046665,1,4.0150285,0.9822773
indicsynth-bengali-064397,1,3.9467278,0.9810482
indicsynth-bengali-064398,1,4.9954457,0.9932768
indicsynth-bengali-064399,1,3.9461789,0.9810380
indicsynth-bengali-070438,1,3.8114293,0.9783620
indicsynth-bengali-070439,1,3.5614352,0.9723861
indicsynth-bengali-070440,1,4.1562176,0.9845749
indicsynth-bengali-081045,1,4.4297156,0.9882225
indicsynth-gujarati-018018,1,4.7899861,0.9917560
indicsynth-gujarati-018019,1,10.0459146,0.9999566
indicsynth-gujarati-018020,1,4.8703914,0.9923880
indicsynth-gujarati-028911,1,7.4217615,0.9994023
indicsynth-gujarati-028913,1,8.4438047,0.9997849
indicsynth-gujarati-028914,1,9.4039440,0.9999176
indicsynth-gujarati-038386,1,9.6951323,0.9999384
indicsynth-gujarati-038387,1,10.8714428,0.9999810
indicsynth-gujarati-070319,1,5.3365121,0.9952105
indicsynth-gujarati-070320,1,7.3090315,0.9993310
indicsynth-gujarati-070321,1,5.7915025,0.9969559
indicsynth-gujarati-085218,1,4.6160836,0.9902053
indicsynth-gujarati-085219,1,4.9332786,0.9928486
indicsynth-gujarati-085220,1,3.6621034,0.9749645
indicsynth-gujarati-109279,1,4.4480371,0.9884339
indicsynth-gujarati-109280,1,3.7925768,0.9779593
indicsynth-hindi-034207,1,4.1145492,0.9839292
indicsynth-hindi-034208,1,5.8980360,0.9972627
indicsynth-hindi-034209,1,4.2077031,0.9853377
indicsynth-hindi-038891,1,6.2116923,0.9979982
indicsynth-hindi-038892,1,6.5374722,0.9985539
indicsynth-hindi-038893,1,6.1668634,0.9979066
indicsynth-hindi-065614,1,11.1005306,0.9999849
indicsynth-hindi-065615,1,10.6198139,0.9999756
indicsynth-hindi-126679,1,9.5751705,0.9999306
indicsynth-hindi-126680,1,10.2068615,0.9999630
indicsynth-hindi-126681,1,8.6300983,0.9998214
indicsynth-hindi-140466,1,4.0314074,0.9825602
indicsynth-hindi-140467,1,3.7320960,0.9766173
indicsynth-hindi-140468,1,5.4017529,0.9955117
indicsynth-hindi-203340,1,4.0169673,0.9823110
indicsynth-hindi-203341,1,4.2242641,0.9855750
indicsynth-kannada-017472,1,8.0643721,0.9996855
indicsynth-kannada-017473,1,10.2006187,0.9999628
indicsynth-kannada-017474,1,11.7401628,0.9999920
indicsynth-kannada-025738,1,7.0722795,0.9991524
indicsynth-kannada-025739,1,7.6161332,0.9995078
indicsynth-kannada-025740,1,6.8047128,0.9988927
indicsynth-kannada-045417,1,11.3669624,0.9999884
indicsynth-kannada-045418,1,12.4323978,0.9999961
indicsynth-kannada-062460,1,8.9258947,0.9998671
indicsynth-kannada-062461,1,7.0190544,0.9991061
indicsynth-kannada-062462,1,5.8250389,0.9970560
indicsynth-kannada-072340,1,3.7818947,0.9777279
indicsynth-kannada-072341,1,6.3586059,0.9982712
indicsynth-kannada-072342,1,3.9826243,0.9817043
indicsynth-kannada-098947,1,4.8911104,0.9925430
indicsynth-kannada-098948,1,6.1645846,0.9979018
indicsynth-malayalam-001083,1,5.7798424,0.9969203
indicsynth-malayalam-001084,1,7.7776699,0.9995812
indicsynth-malayalam-001085,1,9.2375498,0.9999027
indicsynth-malayalam-005264,1,9.0468340,0.9998822
indicsynth-malayalam-005265,1,9.0537033,0.9998831
indicsynth-malayalam-005266,1,10.6031780,0.9999752
indicsynth-malayalam-014524,1,11.1009130,0.9999849
indicsynth-malayalam-014525,1,11.1744061,0.9999859
indicsynth-malayalam-019389,1,6.7861505,0.9988720
indicsynth-malayalam-019390,1,9.7656155,0.9999427
indicsynth-malayalam-019391,1,5.1882629,0.9944493
indicsynth-malayalam-021254,1,7.8702631,0.9996182
indicsynth-malayalam-021255,1,9.5422401,0.9999282
indicsynth-malayalam-021256,1,5.0413914,0.9935768
indicsynth-malayalam-033465,1,7.2766089,0.9993089
indicsynth-malayalam-033466,1,10.5401335,0.9999735
indicsynth-marathi-003733,1,7.6449857,0.9995219
indicsynth-marathi-003734,1,8.4741573,0.9997912
indicsynth-marathi-003735,1,7.1515007,0.9992169
indicsynth-marathi-013871,1,4.2771626,0.9863080
indicsynth-marathi-013872,1,5.3402281,0.9952281
indicsynth-marathi-013873,1,5.1398320,0.9941755
indicsynth-marathi-028246,1,5.7889471,0.9969482
indicsynth-marathi-028247,1,5.3947711,0.9954803
indicsynth-marathi-028248,1,5.2659345,0.9948619
indicsynth-marathi-063401,1,11.4138412,0.9999889
indicsynth-marathi-063402,1,7.2742934,0.9993074
indicsynth-marathi-075781,1,11.7187786,0.9999919
indicsynth-marathi-075782,1,7.4572601,0.9994231
indicsynth-marathi-075783,1,9.6989803,0.9999386
indicsynth-marathi-075869,1,13.9455185,0.9999992
indicsynth-marathi-075870,1,15.2547588,0.9999998
indicsynth-odia-000348,1,4.7467065,0.9913945
indicsynth-odia-000349,1,6.6956973,0.9987653
indicsynth-odia-000350,1,6.7917218,0.9988782
indicsynth-odia-011284,1,10.6032915,0.9999752
indicsynth-odia-011285,1,8.7342615,0.9998391
indicsynth-odia-011286,1,9.7474623,0.9999416
indicsynth-odia-014401,1,6.1672511,0.9979074
indicsynth-odia-014402,1,14.7821026,0.9999996
indicsynth-odia-028605,1,4.4920020,0.9889259
indicsynth-odia-028606,1,4.0362916,0.9826437
indicsynth-odia-028607,1,7.2795649,0.9993110
indicsynth-odia-031491,1,4.7550263,0.9914652
indicsynth-odia-031492,1,5.2783718,0.9949251
indicsynth-odia-031493,1,4.0095840,0.9821823
indicsynth-odia-037055,1,4.8066373,0.9918910
indicsynth-odia-037057,1,5.4381318,0.9956713
indicsynth-punjabi-014123,1,6.5884752,0.9986258
indicsynth-punjabi-014124,1,6.7271905,0.9988035
indicsynth-punjabi-014125,1,7.1771655,0.9992368
indicsynth-punjabi-060593,1,5.8156676,0.9970284
indicsynth-punjabi-060594,1,7.7666135,0.9995765
indicsynth-punjabi-060595,1,7.9880795,0.9996606
indicsynth-punjabi-077904,1,10.9570236,0.9999826
indicsynth-punjabi-077905,1,8.6834249,0.9998306
indicsynth-punjabi-137227,1,4.6603746,0.9906257
indicsynth-punjabi-137228,1,7.4809532,0.9994366
indicsynth-punjabi-137229,1,7.9141316,0.9996346
indicsynth-punjabi-160644,1,6.4063411,0.9983517
indicsynth-punjabi-160645,1,6.0446987,0.9976352
indicsynth-punjabi-160646,1,8.2812920,0.9997469
indicsynth-punjabi-181414,1,4.2640343,0.9861297
indicsynth-punjabi-181415,1,7.4986353,0.9994465
indicsynth-sanskrit-013653,1,4.8735700,0.9924120
indicsynth-sanskrit-085882,1,8.0684652,0.9996868
indicsynth-sanskrit-085883,1,8.5185871,0.9998004
indicsynth-sanskrit-101029,1,13.9274969,0.9999992
indicsynth-sanskrit-101030,1,6.4976530,0.9984953
indicsynth-sanskrit-101031,1,10.5003214,0.9999725
indicsynth-sanskrit-101032,1,8.8471594,0.9998562
indicsynth-sanskrit-198243,1,3.8118637,0.9783713
indicsynth-sanskrit-198244,1,4.5019217,0.9890339
indicsynth-sanskrit-198245,1,6.5019975,0.9985018
indicsynth-sanskrit-239763,1,11.7871819,0.9999924
indicsynth-sanskrit-239764,1,7.5128913,0.9994543
indicsynth-sanskrit-239766,1,12.2856741,0.9999954
indicsynth-sanskrit-275034,1,4.2119575,0.9853990
indicsynth-sanskrit-275035,1,3.6694262,0.9751425
indicsynth-sanskrit-275037,1,4.4295044,0.9882200
indicsynth-tamil-041706,1,6.0107350,0.9975538
indicsynth-tamil-041707,1,8.1192923,0.9997023
indicsynth-tamil-041708,1,4.7222056,0.9911829
indicsynth-tamil-066844,1,12.1357822,0.9999946
indicsynth-tamil-066845,1,12.5183983,0.9999963
indicsynth-tamil-073386,1,12.6629562,0.9999968
indicsynth-tamil-073387,1,12.6759396,0.9999969
indicsynth-tamil-073388,1,9.5668297,0.9999300
indicsynth-tamil-165817,1,9.1366320,0.9998924
indicsynth-tamil-165818,1,8.1552553,0.9997129
indicsynth-tamil-165819,1,4.9792504,0.9931678
indicsynth-tamil-211365,1,6.0647545,0.9976821
indicsynth-tamil-211366,1,4.0590963,0.9830284
indicsynth-tamil-211367,1,4.8505464,0.9922367
indicsynth-tamil-224355,1,5.6521254,0.9965023
indicsynth-tamil-224356,1,5.1579814,0.9942796
indicsynth-telugu-026780,1,10.0752106,0.9999579
indicsynth-telugu-026781,1,11.6937447,0.9999917
indicsynth-telugu-026782,1,9.3637667,0.9999142
indicsynth-telugu-029339,1,4.9258099,0.9927954
indicsynth-telugu-029340,1,5.1531820,0.9942523
indicsynth-telugu-029341,1,4.4200478,0.9881094
indicsynth-telugu-050088,1,10.7915545,0.9999794
indicsynth-telugu-050089,1,10.7440968,0.9999784
indicsynth-telugu-092277,1,14.0568314,0.9999992
indicsynth-telugu-092278,1,8.2389717,0.9997359
indicsynth-telugu-092279,1,11.9099541,0.9999933
indicsynth-telugu-112961,1,4.2696667,0.9862065
indicsynth-telugu-112962,1,5.0938373,0.9939030
indicsynth-telugu-112963,1,4.0144620,0.9822674
indicsynth-telugu-155138,1,3.9020655,0.9801998
indicsynth-telugu-155139,1,3.9171913,0.9804913
indicsynth-urdu-007100,1,4.9248214,0.9927884
indicsynth-urdu-007101,1,4.6270914,0.9903116
indicsynth-urdu-007102,1,5.3627229,0.9953337
indicsynth-urdu-010915,1,5.3184247,0.9951234
indicsynth-urdu-010916,1,4.2085390,0.9853498
indicsynth-urdu-010917,1,4.3397136,0.9871275
indicsynth-urdu-024326,1,8.0473938,0.9996802
indicsynth-urdu-024327,1,9.3894730,0.9999164
indicsynth-urdu-052558,1,6.7636681,0.9988463
indicsynth-urdu-052559,1,6.3721828,0.9982945
indicsynth-urdu-052560,1,4.8540149,0.9922633
indicsynth-urdu-070061,1,10.1758785,0.9999620
indicsynth-urdu-070062,1,11.7153053,0.9999918
indicsynth-urdu-070063,1,7.5739303,0.9994866
indicsynth-urdu-072321,1,8.2322540,0.9997341
indicsynth-urdu-072322,1,6.8031483,0.9988909
kathbath-bengali-844424930866340-647-f,0,-4.6613564,0.0093651
kathbath-bengali-844424930873040-219-f,0,-7.8226714,0.0004004
kathbath-bengali-844424930879572-219-f,0,-3.7560623,0.0228417
kathbath-bengali-844424931023327-952-f,0,-3.7652695,0.0226371
kathbath-bengali-844424931051100-956-f,0,-5.1752505,0.0056230
kathbath-bengali-844424931075209-647-f,0,-4.0960345,0.0163662
kathbath-bengali-844424931098725-952-f,0,-4.6055160,0.0098976
kathbath-bengali-844424931102991-219-f,0,-5.1697636,0.0056538
kathbath-bengali-844424931157435-647-f,0,-4.5713077,0.0102385
kathbath-bengali-844424931288359-956-f,0,-3.8697312,0.0204376
kathbath-bengali-844424931358978-956-f,0,-4.2143335,0.0145668
kathbath-bengali-844424931434076-952-f,0,-6.5216088,0.0014691
kathbath-bengali-844424932395323-592-f,0,-6.8480639,0.0010604
kathbath-bengali-844424932444258-592-f,0,-5.5053763,0.0040484
kathbath-bengali-844424932785040-592-f,0,-4.3609962,0.0126048
kathbath-bengali-844424932808378-592-f,0,-4.9644990,0.0069330
kathbath-gujarati-844424930414291-369-f,0,-6.4768620,0.0015363
kathbath-gujarati-844424930433569-369-f,0,-5.9934344,0.0024889
kathbath-gujarati-844424930433602-369-f,0,-5.7347331,0.0032213
kathbath-gujarati-844424930433614-369-f,0,-3.7119672,0.0238469
kathbath-gujarati-844424930896403-754-f,0,-8.1737375,0.0002819
kathbath-gujarati-844424930898566-754-f,0,-11.3191814,0.0000121
kathbath-gujarati-844424930981287-754-f,0,-9.3522415,0.0000868
kathbath-gujarati-844424931232272-916-f,0,-6.2954221,0.0018413
kathbath-gujarati-844424931332572-856-f,0,-8.6653118,0.0001724
kathbath-gujarati-844424931354375-856-f,0,-8.7082529,0.0001652
kathbath-gujarati-844424931372131-856-f,0,-7.5757685,0.0005125
kathbath-gujarati-844424931386243-856-f,0,-9.8627558,0.0000521
kathbath-gujarati-844424933114993-1135-f,0,-11.7877989,0.0000076
kathbath-gujarati-844424933131136-1135-f,0,-9.1470375,0.0001065
kathbath-gujarati-844424933132395-1135-f,0,-8.4796638,0.0002076
kathbath-gujarati-844424933135447-1135-f,0,-9.5794029,0.0000691
kathbath-hindi-844424930619139-289-f,0,-4.6795077,0.0091982
kathbath-hindi-844424930619160-289-f,0,-3.8105547,0.0216565
kathbath-hindi-844424930740743-946-f,0,-4.9267735,0.0071977
kathbath-hindi-844424930940387-946-f,0,-6.0015616,0.0024688
kathbath-hindi-844424931088753-289-f,0,-6.2590413,0.0019094
kathbath-hindi-844424931090054-366-f,0,-5.6552625,0.0034869
kathbath-hindi-844424931090070-366-f,0,-9.9970779,0.0000455
kathbath-hindi-844424931097657-590-f,0,-6.0429802,0.0023688
kathbath-hindi-844424931115046-590-f,0,-5.1608357,0.0057042
kathbath-hindi-844424931118992-846-f,0,-5.4348106,0.0043431
kathbath-hindi-844424931119035-846-f,0,-3.5351524,0.0283284
kathbath-hindi-844424931119655-590-f,0,-7.0577145,0.0008600
kathbath-hindi-844424931190481-946-f,0,-4.4610820,0.0114180
kathbath-hindi-844424932606936-468-f,0,-4.8067088,0.0081084
kathbath-hindi-844424932813217-468-f,0,-4.6775370,0.0092162
kathbath-hindi-844424932902388-468-f,0,-8.4952507,0.0002044
kathbath-kannada-844424930303089-734-f,0,-5.8687372,0.0028185
kathbath-kannada-844424930308422-734-f,0,-4.0463314,0.0171859
kathbath-kannada-844424930339014-734-f,0,-7.5451179,0.0005284
kathbath-kannada-844424930339855-235-f,0,-9.0534325,0.0001170
kathbath-kannada-844424930347920-734-f,0,-4.8523736,0.0077493
kathbath-kannada-844424930364157-235-f,0,-7.3147769,0.0006652
kathbath-kannada-844424930638265-991-f,0,-5.7749691,0.0030947
kathbath-kannada-844424930699783-235-f,0,-6.2217746,0.0019818
kathbath-kannada-844424930703553-235-f,0,-7.5355883,0.0005335
kathbath-kannada-844424930821783-991-f,0,-8.2917480,0.0002505
kathbath-kannada-844424931017664-991-f,0,-5.1432023,0.0058051
kathbath-kannada-844424931037484-991-f,0,-6.7338390,0.0011885
kathbath-kannada-844424931079520-62-f,0,-7.9857326,0.0003402
kathbath-kannada-844424931107967-62-f,0,-4.3279352,0.0130229
kathbath-kannada-844424931202397-62-f,0,-7.0045214,0.0009069
kathbath-kannada-844424931234763-62-f,0,-10.6870213,0.0000228
kathbath-malayalam-844424931100372-474-f,0,-4.2541928,0.0140056
kathbath-malayalam-844424931174690-474-f,0,-5.9647579,0.0025611
kathbath-malayalam-844424931193693-187-f,0,-11.2740431,0.0000127
kathbath-malayalam-844424931193702-187-f,0,-9.7099705,0.0000607
kathbath-malayalam-844424931217453-1063-f,0,-12.3353491,0.0000044
kathbath-malayalam-844424931219374-187-f,0,-8.0343399,0.0003240
kathbath-malayalam-844424931297782-187-f,0,-9.0299511,0.0001198
kathbath-malayalam-844424931305572-1063-f,0,-6.9806828,0.0009288
kathbath-malayalam-844424933030373-1063-f,0,-5.8347373,0.0029157
kathbath-malayalam-844424933034310-474-f,0,-6.1987782,0.0020278
kathbath-malayalam-844424933043330-184-f,0,-9.6808796,0.0000625
kathbath-malayalam-844424933053149-474-f,0,-3.9984257,0.0180140
kathbath-malayalam-844424933079584-184-f,0,-4.7199254,0.0088371
kathbath-malayalam-844424933079657-184-f,0,-7.3779974,0.0006245
kathbath-malayalam-844424933086420-184-f,0,-7.6736660,0.0004647
kathbath-malayalam-844424933088913-1063-f,0,-4.6584992,0.0093916
kathbath-marathi-844424930629321-542-f,0,-6.5451369,0.0014350
kathbath-marathi-844424930642932-457-f,0,-5.2738247,0.0050979
kathbath-marathi-844424930642958-457-f,0,-7.2752676,0.0006920
kathbath-marathi-844424930644321-542-f,0,-5.2991853,0.0049708
kathbath-marathi-844424930778591-18-f,0,-6.1184068,0.0021971
kathbath-marathi-844424930778593-18-f,0,-5.8551154,0.0028570
kathbath-marathi-844424930815273-943-f,0,-6.0149083,0.0024361
kathbath-marathi-844424931196797-943-f,0,-8.4072981,0.0002232
kathbath-marathi-844424931196836-943-f,0,-4.5648370,0.0103043
kathbath-marathi-844424932286687-1185-f,0,-10.3401108,0.0000323
kathbath-marathi-844424932286707-1185-f,0,-12.3590841,0.0000043
kathbath-marathi-844424932286712-1185-f,0,-8.9082689,0.0001352
kathbath-marathi-844424932490276-1118-f,0,-3.9900291,0.0181632
kathbath-marathi-844424932490290-1118-f,0,-4.1395230,0.0156806
kathbath-marathi-844424932797876-457-f,0,-5.8733573,0.0028055
kathbath-marathi-844424932811994-542-f,0,-7.4741492,0.0005672
kathbath-odia-844424930332519-1045-f,0,-7.5556855,0.0005229
kathbath-odia-844424930403843-840-f,0,-9.5751610,0.0000694
kathbath-odia-844424930443992-667-f,0,-4.1254730,0.0158990
kathbath-odia-844424930447897-692-f,0,-6.8487501,0.0010597
kathbath-odia-844424930464667-388-f,0,-4.8023248,0.0081438
kathbath-odia-844424930489361-388-f,0,-5.4936996,0.0040958
kathbath-odia-844424930500044-667-f,0,-4.3797774,0.0123731
kathbath-odia-844424930501973-460-f,0,-5.4973621,0.0040808
kathbath-odia-844424930522585-460-f,0,-9.5948095,0.0000681
kathbath-odia-844424930583495-840-f,0,-8.5283222,0.0001977
kathbath-odia-844424931294109-547-f,0,-4.6796937,0.0091965
kathbath-odia-844424931501127-619-f,0,-5.0742898,0.0062166
kathbath-odia-844424931506640-547-f,0,-10.2994976,0.0000336
kathbath-odia-844424931525834-619-f,0,-10.2190361,0.0000365
kathbath-odia-844424932396118-43-f,0,-9.4084969,0.0000820
kathbath-odia-844424932421708-43-f,0,-7.6434531,0.0004789
kathbath-punjabi-844424930535607-354-f,0,-5.9579568,0.0025785
kathbath-punjabi-844424930535792-354-f,0,-4.0406680,0.0172818
kathbath-punjabi-844424930565760-812-f,0,-7.4715276,0.0005687
kathbath-punjabi-844424930660751-354-f,0,-6.4103122,0.0016418
kathbath-punjabi-844424930904229-812-f,0,-10.8419342,0.0000196
kathbath-punjabi-844424930936619-812-f,0,-8.3236752,0.0002426
kathbath-punjabi-844424930938212-812-f,0,-5.9901185,0.0024971
kathbath-punjabi-844424931370347-361-f,0,-4.6623530,0.0093559
kathbath-punjabi-844424931370353-361-f,0,-5.4765763,0.0041662
kathbath-punjabi-844424931370361-361-f,0,-8.2032261,0.0002737
kathbath-punjabi-844424931534124-1200-f,0,-6.4120851,0.0016389
kathbath-punjabi-844424931574067-1200-f,0,-5.3632236,0.0046639
kathbath-punjabi-844424931574099-1200-f,0,-8.5371799,0.0001960
kathbath-punjabi-844424932600179-331-f,0,-4.6853294,0.0091453
kathbath-punjabi-844424932600206-331-f,0,-4.0248680,0.0175522
kathbath-punjabi-844424932608074-331-f,0,-4.1722789,0.0151830
kathbath-sanskrit-844424930438864-765-f,0,-4.1872663,0.0149605
kathbath-sanskrit-844424930438890-765-f,0,-6.7639871,0.0011533
kathbath-sanskrit-844424932469657-89-f,0,-3.8701036,0.0204301
kathbath-sanskrit-844424932503641-89-f,0,-4.7562890,0.0085242
kathbath-sanskrit-844424932705254-582-f,0,-5.7338643,0.0032241
kathbath-sanskrit-844424932705288-582-f,0,-4.8858805,0.0074959
kathbath-sanskrit-844424932794487-202-f,0,-10.6503935,0.0000237
kathbath-sanskrit-844424932794515-202-f,0,-9.9588556,0.0000473
kathbath-sanskrit-844424932832938-130-f,0,-6.2432885,0.0019397
kathbath-sanskrit-844424932880815-1102-f,0,-3.7775137,0.0223677
kathbath-sanskrit-844424932884024-130-f,0,-4.0274029,0.0175085
kathbath-sanskrit-844424932886313-405-f,0,-6.2926412,0.0018465
kathbath-sanskrit-844424932886343-405-f,0,-7.7372699,0.0004361
kathbath-sanskrit-844424933007327-1102-f,0,-4.3472939,0.0127764
kathbath-sanskrit-844424933007334-1102-f,0,-6.0119090,0.0024434
kathbath-sanskrit-844424933063987-130-f,0,-3.7637656,0.0226704
kathbath-tamil-844424930525130-347-f,0,-5.5372615,0.0039219
kathbath-tamil-844424930579345-1142-f,0,-10.4397154,0.0000292
kathbath-tamil-844424930790491-203-f,0,-4.7104235,0.0089207
kathbath-tamil-844424930848435-203-f,0,-4.6671295,0.0093117
kathbath-tamil-844424930912633-203-f,0,-8.2390623,0.0002641
kathbath-tamil-844424930942161-1099-f,0,-6.3099465,0.0018148
kathbath-tamil-844424931008687-347-f,0,-4.0711374,0.0167719
kathbath-tamil-844424931251814-347-f,0,-3.8555934,0.0207225
kathbath-tamil-844424931271281-1142-f,0,-8.2785044,0.0002539
kathbath-tamil-844424931271319-1142-f,0,-10.8568439,0.0000193
kathbath-tamil-844424931301050-1099-f,0,-5.7655635,0.0031238
kathbath-tamil-844424931316782-347-f,0,-7.6577129,0.0004722
kathbath-tamil-844424931339952-203-f,0,-11.6101694,0.0000091
kathbath-tamil-844424931346451-1099-f,0,-8.7980576,0.0001510
kathbath-tamil-844424932781310-1142-f,0,-11.0738182,0.0000155
kathbath-tamil-844424932846272-1099-f,0,-9.1530552,0.0001059
kathbath-telugu-844424930924976-445-f,0,-4.9920516,0.0067459
kathbath-telugu-844424930940459-445-f,0,-8.2241096,0.0002680
kathbath-telugu-844424931075962-623-f,0,-7.8769107,0.0003793
kathbath-telugu-844424931180531-445-f,0,-3.9381998,0.0191109
kathbath-telugu-844424931285212-623-f,0,-4.4241576,0.0118424
kathbath-telugu-844424931314543-623-f,0,-5.1476469,0.0057795
kathbath-telugu-844424932558613-537-f,0,-7.6773372,0.0004630
kathbath-telugu-844424932566889-537-f,0,-6.7537465,0.0011651
kathbath-telugu-844424932566903-537-f,0,-6.2230921,0.0019792
kathbath-telugu-844424932584982-832-f,0,-7.0481615,0.0008683
kathbath-telugu-844424932599052-832-f,0,-4.4867072,0.0111323
kathbath-telugu-844424932652915-1141-f,0,-7.4171758,0.0006005
kathbath-telugu-844424932675789-832-f,0,-7.6514578,0.0004751
kathbath-telugu-844424932690353-832-f,0,-3.8475773,0.0208858
kathbath-telugu-844424932718845-1141-f,0,-5.0027442,0.0066746
kathbath-telugu-844424932718850-1141-f,0,-4.5631571,0.0103214
kathbath-urdu-844424930562502-233-f,0,-5.1590934,0.0057141
kathbath-urdu-844424930562523-233-f,0,-9.3105593,0.0000905
kathbath-urdu-844424930562527-233-f,0,-6.8879008,0.0010190
kathbath-urdu-844424930562530-233-f,0,-10.7564926,0.0000213
kathbath-urdu-844424931354070-397-f,0,-4.9750457,0.0068608
kathbath-urdu-844424931364201-397-f,0,-4.0705957,0.0167808
kathbath-urdu-844424931434925-397-f,0,-5.9791608,0.0025246
kathbath-urdu-844424932670825-93-f,0,-5.6950121,0.0033514
kathbath-urdu-844424932712555-397-f,0,-8.1393232,0.0002917
kathbath-urdu-844424932846584-93-f,0,-6.2932653,0.0018453
kathbath-urdu-844424932846604-93-f,0,-7.2721686,0.0006941
kathbath-urdu-844424932876751-93-f,0,-8.7207880,0.0001631
kathbath-urdu-844424932894853-738-f,0,-7.1953001,0.0007495
kathbath-urdu-844424932894860-738-f,0,-9.8742208,0.0000515
kathbath-urdu-844424932894864-738-f,0,-6.4681306,0.0015497
kathbath-urdu-844424932894891-738-f,0,-9.1909380,0.0001019
