window_id,label,logit_genuine,logit_synthetic,score
indicsynth-bengali-009916,1,0.1732652,0.4600654,0.5712126
indicsynth-bengali-009917,1,0.1727960,0.4600236,0.5713173
indicsynth-bengali-009918,1,0.1727716,0.4597467,0.5712554
indicsynth-bengali-018726,1,0.1694560,0.4567670,0.5713376
indicsynth-bengali-018727,1,0.1718957,0.4591291,0.5713187
indicsynth-bengali-018730,1,0.1725962,0.4597666,0.5713032
indicsynth-bengali-046663,1,0.1740070,0.4609773,0.5712543
indicsynth-bengali-046664,1,0.1725650,0.4595499,0.5712578
indicsynth-bengali-046665,1,0.1735935,0.4602477,0.5711768
indicsynth-bengali-064397,1,0.1711618,0.4574910,0.5710973
indicsynth-bengali-064398,1,0.1741891,0.4608290,0.5711733
indicsynth-bengali-064399,1,0.1723216,0.4586959,0.5711083
indicsynth-bengali-070438,1,0.1740388,0.4605760,0.5711482
indicsynth-bengali-070439,1,0.1740547,0.4597177,0.5709340
indicsynth-bengali-070440,1,0.1727235,0.4594966,0.5712059
indicsynth-bengali-081045,1,0.1710431,0.4569809,0.5710014
indicsynth-gujarati-018018,1,0.1730971,0.4594132,0.5710940
indicsynth-gujarati-018019,1,0.1715338,0.4587395,0.5713119
indicsynth-gujarati-018020,1,0.1729343,0.4591883,0.5710788
indicsynth-gujarati-028911,1,0.1723538,0.4609067,0.5716419
indicsynth-gujarati-028913,1,0.1725788,0.4610065,0.5716112
indicsynth-gujarati-028914,1,0.1715799,0.4603388,0.5716923
indicsynth-gujarati-038386,1,0.1711414,0.4586232,0.5713795
indicsynth-gujarati-038387,1,0.1697576,0.4575888,0.5714651
indicsynth-gujarati-070319,1,0.1711559,0.4569589,0.5709684
indicsynth-gujarati-070320,1,0.1713677,0.4570875,0.5709479
indicsynth-gujarati-070321,1,0.1697555,0.4560238,0.5710823
indicsynth-gujarati-085218,1,0.1738786,0.4600247,0.5710524
indicsynth-gujarati-085219,1,0.1740807,0.4594543,0.5708631
indicsynth-gujarati-085220,1,0.1718211,0.4575778,0.5709570
indicsynth-gujarati-109279,1,0.1716623,0.4574369,0.5709614
indicsynth-gujarati-109280,1,0.1731859,0.4585839,0.5708691
indicsynth-hindi-034207,1,0.1714323,0.4587323,0.5713350
indicsynth-hindi-034208,1,0.1714631,0.4589260,0.5713748
indicsynth-hindi-034209,1,0.1709286,0.4582089,0.5713302
indicsynth-hindi-038891,1,0.1714426,0.4577026,0.5710803
indicsynth-hindi-038892,1,0.1724468,0.4585870,0.5710509
indicsynth-hindi-038893,1,0.1720379,0.4583450,0.5710918
indicsynth-hindi-065614,1,0.1725318,0.4604714,0.5714917
indicsynth-hindi-065615,1,0.1710222,0.4582891,0.5713269
indicsynth-hindi-126679,1,0.1695829,0.4566860,0.5712868
indicsynth-hindi-126680,1,0.1736333,0.4598244,0.5710634
indicsynth-hindi-126681,1,0.1712272,0.4572830,0.5710303
indicsynth-hindi-140466,1,0.1755407,0.4613712,0.5709751
indicsynth-hindi-140467,1,0.1741116,0.4601524,0.5710266
indicsynth-hindi-140468,1,0.1747089,0.4610109,0.5710905
indicsynth-hindi-203340,1,0.1723858,0.4587735,0.5711116
indicsynth-hindi-203341,1,0.1732041,0.4596850,0.5711344
indicsynth-kannada-017472,1,0.1707021,0.4578810,0.5713053
indicsynth-kannada-017473,1,0.1699295,0.4573445,0.5713632
indicsynth-kannada-017474,1,0.1712972,0.4585178,0.5713155
indicsynth-kannada-025738,1,0.1724867,0.4604038,0.5714861
indicsynth-kannada-025739,1,0.1721745,0.4602973,0.5715365
indicsynth-kannada-025740,1,0.1715546,0.4595921,0.5715156
indicsynth-kannada-045417,1,0.1745912,0.4617904,0.5713103
indicsynth-kannada-045418,1,0.1751787,0.4628161,0.5714177
indicsynth-kannada-062460,1,0.1726201,0.4609126,0.5715780
indicsynth-kannada-062461,1,0.1756769,0.4623323,0.5711771
indicsynth-kannada-062462,1,0.1741986,0.4616572,0.5713738
indicsynth-kannada-072340,1,0.1742293,0.4609055,0.5711822
indicsynth-kannada-072341,1,0.1741602,0.4609679,0.5712144
indicsynth-kannada-072342,1,0.1774269,0.4639367,0.5711414
indicsynth-kannada-098947,1,0.1736995,0.4591205,0.5708748
indicsynth-kannada-098948,1,0.1728992,0.4591406,0.5710757
indicsynth-malayalam-001083,1,0.1727822,0.4597969,0.5712651
indicsynth-malayalam-001084,1,0.1728228,0.4597165,0.5712355
indicsynth-malayalam-001085,1,0.1725326,0.4600140,0.5713794
indicsynth-malayalam-005264,1,0.1726853,0.4595428,0.5712266
indicsynth-malayalam-005265,1,0.1732758,0.4604893,0.5713139
indicsynth-malayalam-005266,1,0.1730254,0.4601350,0.5712884
indicsynth-malayalam-014524,1,0.1726853,0.4601498,0.5713753
indicsynth-malayalam-014525,1,0.1721175,0.4593602,0.5713210
indicsynth-malayalam-019389,1,0.1724904,0.4592727,0.5712082
indicsynth-malayalam-019390,1,0.1757428,0.4613111,0.5709109
indicsynth-malayalam-019391,1,0.1741179,0.4591697,0.5707843
indicsynth-malayalam-021254,1,0.1700064,0.4550003,0.5707701
indicsynth-malayalam-021255,1,0.1727169,0.4591546,0.5711238
indicsynth-malayalam-021256,1,0.1727455,0.4574836,0.5707074
indicsynth-malayalam-033465,1,0.1733038,0.4606089,0.5713363
indicsynth-malayalam-033466,1,0.1726433,0.4604596,0.5714614
indicsynth-marathi-003733,1,0.1727162,0.4596826,0.5712533
indicsynth-marathi-003734,1,0.1725320,0.4593700,0.5712219
indicsynth-marathi-003735,1,0.1728806,0.4599852,0.5712872
indicsynth-marathi-013871,1,0.1731249,0.4599445,0.5712174
indicsynth-marathi-013872,1,0.1722572,0.4594286,0.5713035
indicsynth-marathi-013873,1,0.1729803,0.4600087,0.5712685
indicsynth-marathi-028246,1,0.1723365,0.4580648,0.5709500
indicsynth-marathi-028247,1,0.1718772,0.4573854,0.5708961
indicsynth-marathi-028248,1,0.1723488,0.4576202,0.5708381
indicsynth-marathi-063401,1,0.1709401,0.4582324,0.5713332
indicsynth-marathi-063402,1,0.1718303,0.4589410,0.5712886
indicsynth-marathi-075781,1,0.1722641,0.4600848,0.5714625
indicsynth-marathi-075782,1,0.1725492,0.4604652,0.5714858
indicsynth-marathi-075783,1,0.1730820,0.4613660,0.5715760
indicsynth-marathi-075869,1,0.1725485,0.4609878,0.5716140
indicsynth-marathi-075870,1,0.1723297,0.4601585,0.5714645
indicsynth-odia-000348,1,0.1743295,0.4609732,0.5711743
indicsynth-odia-000349,1,0.1741568,0.4606190,0.5711298
indicsynth-odia-000350,1,0.1738616,0.4606385,0.5712069
indicsynth-odia-011284,1,0.1743188,0.4619108,0.5714065
indicsynth-odia-011285,1,0.1742723,0.4617740,0.5713844
indicsynth-odia-011286,1,0.1740870,0.4616975,0.5714111
indicsynth-odia-014401,1,0.1751240,0.4615939,0.5711316
indicsynth-odia-014402,1,0.1732166,0.4613200,0.5715317
indicsynth-odia-028605,1,0.1751549,0.4615932,0.5711240
indicsynth-odia-028606,1,0.1753027,0.4611008,0.5709671
indicsynth-odia-028607,1,0.1732051,0.4587049,0.5708941
indicsynth-odia-031491,1,0.1723888,0.4588111,0.5711200
indicsynth-odia-031492,1,0.1715172,0.4580269,0.5711414
indicsynth-odia-031493,1,0.1713259,0.4579765,0.5711759
indicsynth-odia-037055,1,0.1741549,0.4613275,0.5713038
indicsynth-odia-037057,1,0.1739569,0.4608152,0.5712268
indicsynth-punjabi-014123,1,0.1719850,0.4593786,0.5713579
indicsynth-punjabi-014124,1,0.1714255,0.4588684,0.5713700
indicsynth-punjabi-014125,1,0.1710550,0.4585789,0.5713899
indicsynth-punjabi-060593,1,0.1726273,0.4586493,0.5710220
indicsynth-punjabi-060594,1,0.1716855,0.4578344,0.5710531
indicsynth-punjabi-060595,1,0.1722827,0.4585651,0.5710858
indicsynth-punjabi-077904,1,0.1730623,0.4615230,0.5716192
indicsynth-punjabi-077905,1,0.1721550,0.4597574,0.5714090
indicsynth-punjabi-137227,1,0.1720677,0.4586944,0.5711701
indicsynth-punjabi-137228,1,0.1710313,0.4574710,0.5711243
indicsynth-punjabi-137229,1,0.1698818,0.4566437,0.5712032
indicsynth-punjabi-160644,1,0.1731985,0.4599502,0.5712007
indicsynth-punjabi-160645,1,0.1720709,0.4592592,0.5713077
indicsynth-punjabi-160646,1,0.1725884,0.4600326,0.5713704
indicsynth-punjabi-181414,1,0.1752533,0.4613954,0.5710514
indicsynth-punjabi-181415,1,0.1700282,0.4577079,0.5714280
indicsynth-sanskrit-013653,1,0.1728334,0.4606357,0.5714580
indicsynth-sanskrit-085882,1,0.1721724,0.4600959,0.5714877
indicsynth-sanskrit-085883,1,0.1724947,0.4601969,0.5714335
indicsynth-sanskrit-101029,1,0.1724076,0.4607574,0.5715921
indicsynth-sanskrit-101030,1,0.1736552,0.4610457,0.5713572
indicsynth-sanskrit-101031,1,0.1730629,0.4611478,0.5715272
indicsynth-sanskrit-101032,1,0.1731244,0.4607683,0.5714192
indicsynth-sanskrit-198243,1,0.1694995,0.4562756,0.5712067
indicsynth-sanskrit-198244,1,0.1701121,0.4571202,0.5712635
indicsynth-sanskrit-198245,1,0.1716425,0.4589487,0.5713365
indicsynth-sanskrit-239763,1,0.1688041,0.4558378,0.5712698
indicsynth-sanskrit-239764,1,0.1703989,0.4576577,0.5713249
indicsynth-sanskrit-239766,1,0.1693861,0.4570726,0.5714297
indicsynth-sanskrit-275034,1,0.1725007,0.4581884,0.5709401
indicsynth-sanskrit-275035,1,0.1730389,0.4593885,0.5711023
indicsynth-sanskrit-275037,1,0.1746575,0.4594386,0.5707180
indicsynth-tamil-041706,1,0.1715850,0.4595219,0.5714910
indicsynth-tamil-041707,1,0.1699771,0.4581473,0.5715481
indicsynth-tamil-041708,1,0.1710611,0.4588084,0.5714445
indicsynth-tamil-066844,1,0.1729782,0.4612989,0.5715849
indicsynth-tamil-066845,1,0.1707978,0.4593471,0.5716410
indicsynth-tamil-073386,1,0.1746629,0.4626805,0.5715107
indicsynth-tamil-073387,1,0.1738661,0.4618327,0.5714983
indicsynth-tamil-073388,1,0.1744459,0.4622046,0.5714473
indicsynth-tamil-165817,1,0.1717151,0.4593181,0.5714092
indicsynth-tamil-165818,1,0.1710538,0.4586042,0.5713964
indicsynth-tamil-165819,1,0.1727496,0.4602682,0.5713885
indicsynth-tamil-211365,1,0.1740903,0.4620705,0.5715016
indicsynth-tamil-211366,1,0.1759794,0.4634809,0.5713844
indicsynth-tamil-211367,1,0.1757186,0.4633486,0.5714158
indicsynth-tamil-224355,1,0.1723489,0.4587668,0.5711190
indicsynth-tamil-224356,1,0.1698445,0.4555649,0.5709481
indicsynth-telugu-026780,1,0.1724060,0.4581555,0.5709552
indicsynth-telugu-026781,1,0.1715499,0.4576226,0.5710344
indicsynth-telugu-026782,1,0.1724397,0.4583003,0.5709825
indicsynth-telugu-029339,1,0.1730510,0.4600765,0.5712678
indicsynth-telugu-029340,1,0.1719258,0.4590484,0.5712916
indicsynth-telugu-029341,1,0.1721182,0.4589470,0.5712196
indicsynth-telugu-050088,1,0.1764318,0.4639926,0.5713989
indicsynth-telugu-050089,1,0.1749258,0.4624572,0.5713917
indicsynth-telugu-092277,1,0.1681349,0.4567901,0.5716669
indicsynth-telugu-092278,1,0.1717182,0.4588675,0.5712981
indicsynth-telugu-092279,1,0.1746030,0.4612842,0.5711834
indicsynth-telugu-112961,1,0.1731283,0.4596108,0.5711347
indicsynth-telugu-112962,1,0.1730616,0.4595502,0.5711363
indicsynth-telugu-112963,1,0.1754884,0.4610712,0.5709144
indicsynth-telugu-155138,1,0.1753735,0.4629156,0.5713943
indicsynth-telugu-155139,1,0.1732949,0.4596722,0.5711090
indicsynth-urdu-007100,1,0.1725581,0.4597097,0.5712987
indicsynth-urdu-007101,1,0.1726663,0.4598396,0.5713040
indicsynth-urdu-007102,1,0.1720672,0.4591787,0.5712889
indicsynth-urdu-010915,1,0.1711133,0.4585559,0.5713699
indicsynth-urdu-010916,1,0.1715490,0.4583784,0.5712197
indicsynth-urdu-010917,1,0.1716497,0.4588003,0.5712984
indicsynth-urdu-024326,1,0.1714278,0.4594178,0.5715040
indicsynth-urdu-024327,1,0.1713262,0.4587834,0.5713735
indicsynth-urdu-052558,1,0.1725490,0.4592495,0.5711882
indicsynth-urdu-052559,1,0.1711305,0.4581527,0.5712669
indicsynth-urdu-052560,1,0.1734287,0.4604607,0.5712694
indicsynth-urdu-070061,1,0.1728663,0.4598955,0.5712687
indicsynth-urdu-070062,1,0.1716796,0.4591217,0.5713698
indicsynth-urdu-070063,1,0.1695103,0.4569697,0.5713741
indicsynth-urdu-072321,1,0.1705745,0.4567820,0.5710674
indicsynth-urdu-072322,1,0.1704217,0.4572974,0.5712311
kathbath-bengali-844424930866340-647-f,0,0.1756184,0.4620175,0.5711144
kathbath-bengali-844424930873040-219-f,0,0.1739986,0.4592726,0.5708387
kathbath-bengali-844424930879572-219-f,0,0.1721691,0.4588150,0.5711748
kathbath-bengali-844424931023327-952-f,0,0.1728309,0.4594784,0.5711752
kathbath-bengali-844424931051100-956-f,0,0.1728761,0.4586818,0.5709690
kathbath-bengali-844424931075209-647-f,0,0.1751890,0.4615106,0.5710953
kathbath-bengali-844424931098725-952-f,0,0.1724557,0.4579785,0.5708997
kathbath-bengali-844424931102991-219-f,0,0.1740528,0.4600277,0.5710104
kathbath-bengali-844424931157435-647-f,0,0.1756311,0.4607906,0.5708107
kathbath-bengali-844424931288359-956-f,0,0.1707656,0.4571521,0.5711113
kathbath-bengali-844424931358978-956-f,0,0.1739938,0.4592547,0.5708355
kathbath-bengali-844424931434076-952-f,0,0.1760177,0.4615152,0.5708935
kathbath-bengali-844424932395323-592-f,0,0.1762091,0.4612296,0.5707766
kathbath-bengali-844424932444258-592-f,0,0.1756074,0.4614771,0.5709847
kathbath-bengali-844424932785040-592-f,0,0.1748430,0.4604863,0.5709292
kathbath-bengali-844424932808378-592-f,0,0.1747579,0.4617544,0.5712607
kathbath-gujarati-844424930414291-369-f,0,0.1742760,0.4586296,0.5706133
kathbath-gujarati-844424930433569-369-f,0,0.1733940,0.4585471,0.5708091
kathbath-gujarati-844424930433602-369-f,0,0.1738535,0.4593506,0.5708934
kathbath-gujarati-844424930433614-369-f,0,0.1739918,0.4592164,0.5708266
kathbath-gujarati-844424930896403-754-f,0,0.1758477,0.4611823,0.5708536
kathbath-gujarati-844424930898566-754-f,0,0.1737817,0.4580066,0.5705817
kathbath-gujarati-844424930981287-754-f,0,0.1754142,0.4586513,0.5703396
kathbath-gujarati-844424931232272-916-f,0,0.1760046,0.4608589,0.5707359
kathbath-gujarati-844424931332572-856-f,0,0.1775946,0.4614250,0.5704850
kathbath-gujarati-844424931354375-856-f,0,0.1734441,0.4578795,0.5706333
kathbath-gujarati-844424931372131-856-f,0,0.1751270,0.4589289,0.5704780
kathbath-gujarati-844424931386243-856-f,0,0.1779518,0.4622822,0.5706075
kathbath-gujarati-844424933114993-1135-f,0,0.1727021,0.4560449,0.5703655
kathbath-gujarati-844424933131136-1135-f,0,0.1743733,0.4583299,0.5705160
kathbath-gujarati-844424933132395-1135-f,0,0.1737248,0.4575473,0.5704831
kathbath-gujarati-844424933135447-1135-f,0,0.1715105,0.4551279,0.5704328
kathbath-hindi-844424930619139-289-f,0,0.1770868,0.4623581,0.5708380
kathbath-hindi-844424930619160-289-f,0,0.1752525,0.4605910,0.5708545
kathbath-hindi-844424930740743-946-f,0,0.1726621,0.4581876,0.5709003
kathbath-hindi-844424930940387-946-f,0,0.1748584,0.4601031,0.5708315
kathbath-hindi-844424931088753-289-f,0,0.1775086,0.4621422,0.5706819
kathbath-hindi-844424931090054-366-f,0,0.1694747,0.4543780,0.5707480
kathbath-hindi-844424931090070-366-f,0,0.1750048,0.4592310,0.5705820
kathbath-hindi-844424931097657-590-f,0,0.1744463,0.4598455,0.5708694
kathbath-hindi-844424931115046-590-f,0,0.1751497,0.4610520,0.5709926
kathbath-hindi-844424931118992-846-f,0,0.1720106,0.4577982,0.5709645
kathbath-hindi-844424931119035-846-f,0,0.1730747,0.4596122,0.5711482
kathbath-hindi-844424931119655-590-f,0,0.1749333,0.4600136,0.5707913
kathbath-hindi-844424931190481-946-f,0,0.1730099,0.4591286,0.5710456
kathbath-hindi-844424932606936-468-f,0,0.1751318,0.4608731,0.5709532
kathbath-hindi-844424932813217-468-f,0,0.1732746,0.4583768,0.5707967
kathbath-hindi-844424932902388-468-f,0,0.1747775,0.4608221,0.5710275
kathbath-kannada-844424930303089-734-f,0,0.1741297,0.4593965,0.5708370
kathbath-kannada-844424930308422-734-f,0,0.1737775,0.4593698,0.5709167
kathbath-kannada-844424930339014-734-f,0,0.1751153,0.4596989,0.5706696
kathbath-kannada-844424930339855-235-f,0,0.1765892,0.4605542,0.5705180
kathbath-kannada-844424930347920-734-f,0,0.1750766,0.4593093,0.5705836
kathbath-kannada-844424930364157-235-f,0,0.1753838,0.4601350,0.5707107
kathbath-kannada-844424930638265-991-f,0,0.1745240,0.4598097,0.5708416
kathbath-kannada-844424930699783-235-f,0,0.1745857,0.4579759,0.5703772
kathbath-kannada-844424930703553-235-f,0,0.1731726,0.4564297,0.5703446
kathbath-kannada-844424930821783-991-f,0,0.1762536,0.4618745,0.5709237
kathbath-kannada-844424931017664-991-f,0,0.1749295,0.4600972,0.5708127
kathbath-kannada-844424931037484-991-f,0,0.1768416,0.4611906,0.5706121
kathbath-kannada-844424931079520-62-f,0,0.1762125,0.4605476,0.5706087
kathbath-kannada-844424931107967-62-f,0,0.1746008,0.4590415,0.5706346
kathbath-kannada-844424931202397-62-f,0,0.1754092,0.4601052,0.5706971
kathbath-kannada-844424931234763-62-f,0,0.1742169,0.4585877,0.5706174
kathbath-malayalam-844424931100372-474-f,0,0.1756057,0.4624143,0.5712146
kathbath-malayalam-844424931174690-474-f,0,0.1770037,0.4641239,0.5712910
kathbath-malayalam-844424931193693-187-f,0,0.1770748,0.4619246,0.5707348
kathbath-malayalam-844424931193702-187-f,0,0.1764185,0.4610825,0.5706893
kathbath-malayalam-844424931217453-1063-f,0,0.1766433,0.4613084,0.5706896
kathbath-malayalam-844424931219374-187-f,0,0.1757884,0.4609000,0.5707990
kathbath-malayalam-844424931297782-187-f,0,0.1763490,0.4615955,0.5708320
kathbath-malayalam-844424931305572-1063-f,0,0.1738923,0.4586804,0.5707197
kathbath-malayalam-844424933030373-1063-f,0,0.1748166,0.4592112,0.5706233
kathbath-malayalam-844424933034310-474-f,0,0.1757333,0.4608769,0.5708068
kathbath-malayalam-844424933043330-184-f,0,0.1747943,0.4595271,0.5707062
kathbath-malayalam-844424933053149-474-f,0,0.1744945,0.4612367,0.5711984
kathbath-malayalam-844424933079584-184-f,0,0.1734023,0.4597445,0.5711004
kathbath-malayalam-844424933079657-184-f,0,0.1744737,0.4600542,0.5709138
kathbath-malayalam-844424933086420-184-f,0,0.1779117,0.4628803,0.5707639
kathbath-malayalam-844424933088913-1063-f,0,0.1746919,0.4603411,0.5709307
kathbath-marathi-844424930629321-542-f,0,0.1730295,0.4590741,0.5710275
kathbath-marathi-844424930642932-457-f,0,0.1737415,0.4583735,0.5706815
kathbath-marathi-844424930642958-457-f,0,0.1746705,0.4598285,0.5708103
kathbath-marathi-844424930644321-542-f,0,0.1729337,0.4583016,0.5708618
kathbath-marathi-844424930778591-18-f,0,0.1695439,0.4551343,0.5709162
kathbath-marathi-844424930778593-18-f,0,0.1669030,0.4521213,0.5708251
kathbath-marathi-844424930815273-943-f,0,0.1764848,0.4615466,0.5707867
kathbath-marathi-844424931196797-943-f,0,0.1770601,0.4613571,0.5705994
kathbath-marathi-844424931196836-943-f,0,0.1700393,0.4562457,0.5710672
kathbath-marathi-844424932286687-1185-f,0,0.1737216,0.4587022,0.5707668
kathbath-marathi-844424932286707-1185-f,0,0.1770912,0.4622095,0.5708006
kathbath-marathi-844424932286712-1185-f,0,0.1757811,0.4609111,0.5708035
kathbath-marathi-844424932490276-1118-f,0,0.1720331,0.4589320,0.5712367
kathbath-marathi-844424932490290-1118-f,0,0.1704277,0.4576015,0.5713041
kathbath-marathi-844424932797876-457-f,0,0.1736597,0.4578914,0.5705833
kathbath-marathi-844424932811994-542-f,0,0.1734140,0.4590687,0.5709320
kathbath-odia-844424930332519-1045-f,0,0.1745226,0.4597103,0.5708176
kathbath-odia-844424930403843-840-f,0,0.1778487,0.4635210,0.5709363
kathbath-odia-844424930443992-667-f,0,0.1757491,0.4614677,0.5709476
kathbath-odia-844424930447897-692-f,0,0.1769179,0.4626210,0.5709438
kathbath-odia-844424930464667-388-f,0,0.1755862,0.4618468,0.5710804
kathbath-odia-844424930489361-388-f,0,0.1756431,0.4609630,0.5708500
kathbath-odia-844424930500044-667-f,0,0.1751367,0.4616250,0.5711362
kathbath-odia-844424930501973-460-f,0,0.1753578,0.4612081,0.5709799
kathbath-odia-844424930522585-460-f,0,0.1734255,0.4597933,0.5711067
kathbath-odia-844424930583495-840-f,0,0.1741645,0.4589724,0.5707245
kathbath-odia-844424931294109-547-f,0,0.1746393,0.4602110,0.5709116
kathbath-odia-844424931501127-619-f,0,0.1753750,0.4608145,0.5708793
kathbath-odia-844424931506640-547-f,0,0.1774275,0.4603755,0.5702689
kathbath-odia-844424931525834-619-f,0,0.1752376,0.4605543,0.5708492
kathbath-odia-844424932396118-43-f,0,0.1758238,0.4618087,0.5710129
kathbath-odia-844424932421708-43-f,0,0.1741068,0.4599869,0.5709872
kathbath-punjabi-844424930535607-354-f,0,0.1730895,0.4594126,0.5710958
kathbath-punjabi-844424930535792-354-f,0,0.1742499,0.4599553,0.5709444
kathbath-punjabi-844424930565760-812-f,0,0.1763473,0.4603259,0.5705214
kathbath-punjabi-844424930660751-354-f,0,0.1722270,0.4572946,0.5707882
kathbath-punjabi-844424930904229-812-f,0,0.1756778,0.4606418,0.5707628
kathbath-punjabi-844424930936619-812-f,0,0.1760202,0.4611649,0.5708070
kathbath-punjabi-844424930938212-812-f,0,0.1736762,0.4603501,0.5711817
kathbath-punjabi-844424931370347-361-f,0,0.1726896,0.4580148,0.5708513
kathbath-punjabi-844424931370353-361-f,0,0.1727556,0.4580682,0.5708482
kathbath-punjabi-844424931370361-361-f,0,0.1732796,0.4586419,0.5708604
kathbath-punjabi-844424931534124-1200-f,0,0.1753930,0.4611903,0.5709670
kathbath-punjabi-844424931574067-1200-f,0,0.1731215,0.4589677,0.5709789
kathbath-punjabi-844424931574099-1200-f,0,0.1740430,0.4595644,0.5708994
kathbath-punjabi-844424932600179-331-f,0,0.1736201,0.4603262,0.5711895
kathbath-punjabi-844424932600206-331-f,0,0.1710171,0.4591248,0.5715328
kathbath-punjabi-844424932608074-331-f,0,0.1721327,0.4590364,0.5712379
kathbath-sanskrit-844424930438864-765-f,0,0.1700821,0.4571820,0.5712860
kathbath-sanskrit-844424930438890-765-f,0,0.1727166,0.4583850,0.5709354
kathbath-sanskrit-844424932469657-89-f,0,0.1723388,0.4588956,0.5711530
kathbath-sanskrit-844424932503641-89-f,0,0.1739931,0.4605525,0.5711536
kathbath-sanskrit-844424932705254-582-f,0,0.1741707,0.4611853,0.5712651
kathbath-sanskrit-844424932705288-582-f,0,0.1747498,0.4613715,0.5711688
kathbath-sanskrit-844424932794487-202-f,0,0.1723048,0.4584752,0.5710583
kathbath-sanskrit-844424932794515-202-f,0,0.1743019,0.4598780,0.5709127
kathbath-sanskrit-844424932832938-130-f,0,0.1745589,0.4600483,0.5708915
kathbath-sanskrit-844424932880815-1102-f,0,0.1716008,0.4581124,0.5711419
kathbath-sanskrit-844424932884024-130-f,0,0.1715047,0.4580770,0.5711567
kathbath-sanskrit-844424932886313-405-f,0,0.1755291,0.4599654,0.5706335
kathbath-sanskrit-844424932886343-405-f,0,0.1776521,0.4624821,0.5707300
kathbath-sanskrit-844424933007327-1102-f,0,0.1753120,0.4626597,0.5713467
kathbath-sanskrit-844424933007334-1102-f,0,0.1730593,0.4595761,0.5711432
kathbath-sanskrit-844424933063987-130-f,0,0.1723573,0.4584284,0.5710340
kathbath-tamil-844424930525130-347-f,0,0.1741541,0.4608842,0.5711954
kathbath-tamil-844424930579345-1142-f,0,0.1751687,0.4593239,0.5705646
kathbath-tamil-844424930790491-203-f,0,0.1775125,0.4621060,0.5706720
kathbath-tamil-844424930848435-203-f,0,0.1754764,0.4595360,0.5705412
kathbath-tamil-844424930912633-203-f,0,0.1771835,0.4611314,0.5705138
kathbath-tamil-844424930942161-1099-f,0,0.1736367,0.4589170,0.5708403
kathbath-tamil-844424931008687-347-f,0,0.1763161,0.4614739,0.5708103
kathbath-tamil-844424931251814-347-f,0,0.1750196,0.4598070,0.5707195
kathbath-tamil-844424931271281-1142-f,0,0.1787429,0.4625891,0.5704889
kathbath-tamil-844424931271319-1142-f,0,0.1766838,0.4594923,0.5702347
kathbath-tamil-844424931301050-1099-f,0,0.1740134,0.4587426,0.5707053
kathbath-tamil-844424931316782-347-f,0,0.1769772,0.4613962,0.5706293
kathbath-tamil-844424931339952-203-f,0,0.1754632,0.4580022,0.5701686
kathbath-tamil-844424931346451-1099-f,0,0.1754976,0.4591550,0.5704427
kathbath-tamil-844424932781310-1142-f,0,0.1755936,0.4598659,0.5705933
kathbath-tamil-844424932846272-1099-f,0,0.1750854,0.4592032,0.5705555
kathbath-telugu-844424930924976-445-f,0,0.1763898,0.4614438,0.5707849
kathbath-telugu-844424930940459-445-f,0,0.1762294,0.4622597,0.5710240
kathbath-telugu-844424931075962-623-f,0,0.1742595,0.4591366,0.5707415
kathbath-telugu-844424931180531-445-f,0,0.1725830,0.4592484,0.5711796
kathbath-telugu-844424931285212-623-f,0,0.1729642,0.4583595,0.5708684
kathbath-telugu-844424931314543-623-f,0,0.1737795,0.4580086,0.5705827
kathbath-telugu-844424932558613-537-f,0,0.1753819,0.4613568,0.5710104
kathbath-telugu-844424932566889-537-f,0,0.1736058,0.4591309,0.5709002
kathbath-telugu-844424932566903-537-f,0,0.1762166,0.4616958,0.5708891
kathbath-telugu-844424932584982-832-f,0,0.1763261,0.4616277,0.5708455
kathbath-telugu-844424932599052-832-f,0,0.1759177,0.4622247,0.5710918
kathbath-telugu-844424932652915-1141-f,0,0.1766076,0.4627880,0.5710608
kathbath-telugu-844424932675789-832-f,0,0.1775522,0.4628727,0.5708501
kathbath-telugu-844424932690353-832-f,0,0.1751765,0.4616010,0.5711206
kathbath-telugu-844424932718845-1141-f,0,0.1741617,0.4593191,0.5708102
kathbath-telugu-844424932718850-1141-f,0,0.1733683,0.4581255,0.5707121
kathbath-urdu-844424930562502-233-f,0,0.1724704,0.4580308,0.5709089
kathbath-urdu-844424930562523-233-f,0,0.1757700,0.4602190,0.5706366
kathbath-urdu-844424930562527-233-f,0,0.1758862,0.4603042,0.5706291
kathbath-urdu-844424930562530-233-f,0,0.1746464,0.4603947,0.5709549
kathbath-urdu-844424931354070-397-f,0,0.1723430,0.4579282,0.5709150
kathbath-urdu-844424931364201-397-f,0,0.1706168,0.4579660,0.5713471
kathbath-urdu-844424931434925-397-f,0,0.1727673,0.4585986,0.5709752
kathbath-urdu-844424932670825-93-f,0,0.1730574,0.4584727,0.5708733
kathbath-urdu-844424932712555-397-f,0,0.1762307,0.4620672,0.5709766
kathbath-urdu-844424932846584-93-f,0,0.1737576,0.4588223,0.5707875
kathbath-urdu-844424932846604-93-f,0,0.1759522,0.4603527,0.5706247
kathbath-urdu-844424932876751-93-f,0,0.1759433,0.4602891,0.5706113
kathbath-urdu-844424932894853-738-f,0,0.1752010,0.4597911,0.5706711
kathbath-urdu-844424932894860-738-f,0,0.1741842,0.4585938,0.5706270
kathbath-urdu-844424932894864-738-f,0,0.1733852,0.4584934,0.5707982
kathbath-urdu-844424932894891-738-f,0,0.1729279,0.4587344,0.5709692
