step,train_loss,eval_loss,eval_accuracy,grad_norm
1,0.7113160490989685,1.5963515043258667,0.5,1.6809484958648682
5,0.8514702916145325,0.7345049977302551,0.5,
10,0.7069986462593079,0.696946382522583,0.5,
15,0.6949413418769836,0.6967573761940002,0.5,
20,0.6959231495857239,0.6929371356964111,0.5,
25,0.6989158987998962,0.6936423182487488,0.5,
30,0.6987012028694153,0.6958935856819153,0.5,
35,0.6953923106193542,0.6955897212028503,0.5,
40,0.692664384841919,0.6935524940490723,0.5,
45,0.6918128132820129,0.6920420527458191,0.5,
50,0.6917304992675781,0.6914493441581726,0.8333333134651184,
55,0.6914870738983154,0.6911358833312988,0.5,
60,0.690955400466919,0.6906821131706238,0.5,
65,0.690244197845459,0.6900069117546082,0.5,
70,0.6893497109413147,0.6890828013420105,0.5,
75,0.6881403923034668,0.6878044009208679,0.8333333134651184,
80,0.6864299178123474,0.6860198378562927,0.7916666865348816,
85,0.6838634014129639,0.6831278204917908,0.7916666865348816,
90,0.6794053912162781,0.6781187057495117,0.8333333134651184,
95,0.6707707047462463,0.6680459976196289,0.8333333134651184,
100,0.6590173244476318,0.693430483341217,0.5,
105,0.669417142868042,0.6373682618141174,0.5416666865348816,
110,0.6057658791542053,0.6084420084953308,0.7916666865348816,
115,0.5634112358093262,0.5585855841636658,0.75,
120,0.6708052754402161,0.7057124972343445,0.5,
125,0.6008992791175842,0.5724760890007019,0.75,
130,0.5551903247833252,0.5849692225456238,0.6666666865348816,
135,0.5055661201477051,0.472072571516037,0.8333333134651184,
140,0.4030880630016327,0.4235002100467682,0.7916666865348816,
145,0.33004075288772583,0.28083449602127075,0.875,
150,0.6279866099357605,1.965563416481018,0.5,
155,0.6284188628196716,0.9370496869087219,0.5,
160,0.7107353210449219,0.7091941833496094,0.5,
165,0.6486943960189819,0.6577481627464294,0.5,
170,0.5993038415908813,0.5906500220298767,0.75,
175,0.5538894534111023,0.530799925327301,0.9166666865348816,
180,0.5009667277336121,0.47856298089027405,0.9583333134651184,
185,0.42624858021736145,0.4177197515964508,0.9166666865348816,
190,0.3539641797542572,0.34241628646850586,0.875,
195,0.29127880930900574,0.2733897864818573,0.9166666865348816,
200,0.33259135484695435,0.36402320861816406,0.8333333134651184,
205,0.1939973086118698,0.16654162108898163,0.9583333134651184,
210,0.15243647992610931,0.2029729038476944,0.9166666865348816,
215,0.14467895030975342,0.10649064928293228,1.0,
220,0.05443060025572777,0.05747491121292114,1.0,
225,0.03490736708045006,0.03249293193221092,1.0,
230,0.022718103602528572,0.021963372826576233,1.0,
235,0.0173175148665905,0.016761640086770058,1.0,
240,0.013664188794791698,0.0132640041410923,1.0,
245,0.011237122118473053,0.010928860865533352,1.0,
