epoch,train_loss,val_loss,val_accuracy,val_balanced_accuracy,val_precision,val_recall,val_f1,val_eer,val_threshold,true_negative,false_positive,false_negative,true_positive,genuine_false_alarm_rate,spoof_miss_rate,train_steps,train_examples
1,0.7345579744627079,0.7215203692515691,0.5,0.5,0.5,1.0,0.6666666666666666,0.39583333333333337,0.5,0,48,0,48,1.0,0.0,48,384
2,0.7113378942012787,0.7030878563721975,0.5,0.5,0.5,1.0,0.6666666666666666,0.22916666666666666,0.5,0,48,0,48,1.0,0.0,48,384
3,0.7131115024288496,0.6940412322680155,0.5,0.5,0.0,0.0,0.0,0.4166666666666667,0.5,48,0,48,0,0.0,1.0,48,384
4,0.7073667782048384,0.727077121535937,0.5,0.5,0.5,1.0,0.6666666666666666,0.3125,0.5,0,48,0,48,1.0,0.0,48,384
5,0.6997590797642866,0.7046938687562943,0.5,0.5,0.0,0.0,0.0,0.3125,0.5,48,0,48,0,0.0,1.0,48,384
6,0.6953277538220087,0.7180704126755396,0.5,0.5,0.0,0.0,0.0,0.27083333333333337,0.5,48,0,48,0,0.0,1.0,48,384
7,0.700018685311079,0.7090462545553843,0.5,0.5,0.0,0.0,0.0,0.25,0.5,48,0,48,0,0.0,1.0,48,384
8,0.7225708775222301,0.7178761214017868,0.5,0.5,0.0,0.0,0.0,0.4166666666666667,0.5,48,0,48,0,0.0,1.0,48,384
9,0.7051819711923599,0.6962825159231821,0.5,0.5,0.5,1.0,0.6666666666666666,0.375,0.5,0,48,0,48,1.0,0.0,48,384
10,0.7005800728996595,0.6938760032256445,0.5,0.5,0.0,0.0,0.0,0.3333333333333333,0.5,48,0,48,0,0.0,1.0,48,384
